Altium Designer Pick and Place Locations
B:\New folder\FREE UP&FI\UP\SAHITH\12S-24SBMS\24S_BMS\Project Outputs for 24S_BMS\08_Pick and Place\Pick Place\Pick Place for 24S_BMS.csv

========================================================================================================================
File Design Information:

Date:       13-08-23
Time:       00:48
Revision:   Not in VersionControl
Variant:    No variations
Units used: mm

"Designator","Comment","Layer","Footprint","Center-X(mm)","Center-Y(mm)","Rotation","Description","Value"
"R91","Res_1","TopLayer","RESC0603","14.3512","0.6350","270","Thick Film Resistor -  1Mohm, 1%, 0603","1M"
"D7","1N4148WS","TopLayer","SOD-323","12.5730","0.8800","270","100V 550mW Single 1.25V@150mA 4ns 250mA SOD-323F Switching Diode ROHS",""
"R22","Res_1","TopLayer","RESC0603","30.6071","5.7147","180","Thick Film Resistor -  10ohm, 1%, 0603","100E"
"R21","Res_1","TopLayer","RESC0603","30.6070","7.0705","0","Thick Film Resistor -  10ohm, 1%, 0603","100E"
"R90","RES_TRIPAD","TopLayer","RESC0603_TRIPAD","79.8117","5.7152","0","PLACE ANY ONE GIVEN CONDITON Thick Film Resistor -  10Kohm, 1%, 0603","10K"
"R89","RES_TRIPAD","TopLayer","RESC0603_TRIPAD","79.8117","4.3602","0","PLACE ANY ONE GIVEN CONDITON Thick Film Resistor -  10Mohm, 1%, 0603","10M"
"R88","RES_TRIPAD","TopLayer","RESC0603_TRIPAD","79.8117","8.4253","0","PLACE ANY ONE GIVEN CONDITON Thick Film Resistor -  10Mohm, 1%, 0603","10M"
"R77","RES_TRIPAD","TopLayer","RESC0603_TRIPAD","91.9480","-0.2346","180","PLACE ANY ONE GIVEN CONDITON Thick Film Resistor -  0ohm, 1%, 0603","0E"
"R63","RES_TRIPAD","TopLayer","RESC0603_TRIPAD","96.3930","6.4023","270","PLACE ANY ONE GIVEN CONDITON Thick Film Resistor -  0ohm, 1%, 0603","0E"
"R60","RES_TRIPAD","TopLayer","RESC0603_TRIPAD","79.5528","-0.2346","180","PLACE ANY ONE GIVEN CONDITON Thick Film Resistor -  0ohm, 1%, 0603","0E"
"R43","RES_TRIPAD","TopLayer","RESC0603_TRIPAD","67.0630","-0.2346","180","PLACE ANY ONE GIVEN CONDITON Thick Film Resistor -  0ohm, 1%, 0603","0E"
"R26","RES_TRIPAD","TopLayer","RESC0603_TRIPAD","53.4670","-0.2346","180","PLACE ANY ONE GIVEN CONDITON Thick Film Resistor -  0ohm, 1%, 0603","0E"
"R20","RES_TRIPAD","TopLayer","RESC0603_TRIPAD","94.9805","6.4023","270","PLACE ANY ONE GIVEN CONDITON Thick Film Resistor -  0ohm, 1%, 0603","0E"
"2","RES_TRIPAD","TopLayer","RESC0603_TRIPAD","40.2590","-0.2346","180","PLACE ANY ONE GIVEN CONDITON Thick Film Resistor -  0ohm, 1%, 0603","0E"
"U5","BQ7791506PWR","TopLayer","TSSOP-24","86.3930","6.7880","270","Battery Management 3-Series to 5-Series Stackable Ultra-Low-Power Primary Protector With Autonomous Cell Balancing 24-TSSOP -40 to 85",""
"U4","BQ7791506PWR","TopLayer","TSSOP-24","73.0300","6.7880","270","Battery Management 3-Series to 5-Series Stackable Ultra-Low-Power Primary Protector With Autonomous Cell Balancing 24-TSSOP -40 to 85",""
"U3","BQ7791506PWR","TopLayer","TSSOP-24","60.8100","6.7880","270","Battery Management 3-Series to 5-Series Stackable Ultra-Low-Power Primary Protector With Autonomous Cell Balancing 24-TSSOP -40 to 85",""
"U2","BQ7791506PWR","TopLayer","TSSOP-24","48.5900","6.7880","270","Battery Management 3-Series to 5-Series Stackable Ultra-Low-Power Primary Protector With Autonomous Cell Balancing 24-TSSOP -40 to 85",""
"U1","BQ7791506PWR","TopLayer","TSSOP-24","36.3700","6.7880","270","Battery Management 3-Series to 5-Series Stackable Ultra-Low-Power Primary Protector With Autonomous Cell Balancing 24-TSSOP -40 to 85",""
"R87","Res_1","TopLayer","RESC0603","85.8585","0.4156","90","Thick Film Resistor -  470Kohm, 1%, 0603","470K"
"R86","Res_1","TopLayer","RESC0603","84.3768","0.4156","90","Thick Film Resistor -  470Kohm, 1%, 0603","470K"
"R85","Res_1","TopLayer","RESC0603","83.3120","16.5777","270","Thick Film Resistor -  43ohm, 1%, 0603","43E"
"R84","Res_1","TopLayer","RESC0603","80.5069","7.0701","0","Thick Film Resistor -  10Kohm, 1%, 0603","10K"
"R83","Res_1","TopLayer","RESC0603","84.7090","16.5777","270","Thick Film Resistor -  43ohm, 1%, 0603","43E"
"R82","Res_1","TopLayer","RESC0603","86.1060","16.5777","270","Thick Film Resistor -  43ohm, 1%, 0603","43E"
"R81","Res_1","TopLayer","RESC0603","87.3405","0.4156","270","Thick Film Resistor -  10Mohm, 1%, 0603","10M"
"R80","Res_1","TopLayer","RESC0603","87.5030","16.5777","270","Thick Film Resistor -  43ohm, 1%, 0603","43E"
"R79","Res_1","TopLayer","RESC0603","88.8218","0.4156","90","Thick Film Resistor -  10Kohm, 1%, 0603","10K"
"R78","Res_1","TopLayer","RESC0603","88.9000","16.5777","270","Thick Film Resistor -  43ohm, 1%, 0603","43E"
"R76","Res_1","TopLayer","RESC0603","92.2020","7.2397","0","Thick Film Resistor -  10Kohm, 1%, 0603","10K"
"R75","Res_1","TopLayer","RESC0603","92.2020","8.6363","180","Thick Film Resistor -  1Kohm, 1%, 0603","1K"
"R74","Res_1","TopLayer","RESC0603","67.0200","7.0701","0","Thick Film Resistor -  10Kohm, 1%, 0603","10K"
"R73","Res_1","TopLayer","RESC0603","67.0200","5.7150","0","Thick Film Resistor -  10Kohm, 1%, 0603","10K"
"R72","Res_1","TopLayer","RESC0603","73.4842","0.4156","90","Thick Film Resistor -  470Kohm, 1%, 0603","470K"
"R71","Res_1","TopLayer","RESC0603","72.0025","0.4156","90","Thick Film Resistor -  470Kohm, 1%, 0603","470K"
"R70","Res_1","TopLayer","RESC0603","67.0200","4.3599","0","Thick Film Resistor -  10Mohm, 1%, 0603","10M"
"R69","Res_1","TopLayer","RESC0603","70.3002","16.6370","270","Thick Film Resistor -  43ohm, 1%, 0603","43E"
"R68","Res_1","TopLayer","RESC0603","71.6972","16.6370","270","Thick Film Resistor -  43ohm, 1%, 0603","43E"
"R67","Res_1","TopLayer","RESC0603","67.0200","8.4251","0","Thick Film Resistor -  10Mohm, 1%, 0603","10M"
"R66","Res_1","TopLayer","RESC0603","73.0942","16.6370","270","Thick Film Resistor -  43ohm, 1%, 0603","43E"
"R65","Res_1","TopLayer","RESC0603","74.9662","0.4156","270","Thick Film Resistor -  10Mohm, 1%, 0603","10M"
"R64","Res_1","TopLayer","RESC0603","74.4912","16.6370","270","Thick Film Resistor -  43ohm, 1%, 0603","43E"
"R62","Res_1","TopLayer","RESC0603","76.4475","0.4156","90","Thick Film Resistor -  10Kohm, 1%, 0603","10K"
"R61","Res_1","TopLayer","RESC0603","75.8882","16.6370","270","Thick Film Resistor -  43ohm, 1%, 0603","43E"
"R59","Res_1","TopLayer","RESC0603","77.2852","16.6370","270","Thick Film Resistor -  43ohm, 1%, 0603","43E"
"R58","Res_1","TopLayer","RESC0603","79.1170","9.7790","180","Thick Film Resistor -  1Kohm, 1%, 0603","1K"
"R57","Res_1","TopLayer","RESC0603","54.6700","7.0701","0","Thick Film Resistor -  10Kohm, 1%, 0603","10K"
"R56","Res_1","TopLayer","RESC0603","54.6700","5.7150","0","Thick Film Resistor -  10Kohm, 1%, 0603","10K"
"R55","Res_1","TopLayer","RESC0603","59.7154","0.4156","90","Thick Film Resistor -  470Kohm, 1%, 0603","470K"
"R54","Res_1","TopLayer","RESC0603","58.2572","0.4156","90","Thick Film Resistor -  470Kohm, 1%, 0603","470K"
"R53","Res_1","TopLayer","RESC0603","54.6700","4.3599","0","Thick Film Resistor -  10Mohm, 1%, 0603","10M"
"R52","Res_1","TopLayer","RESC0603","54.6700","8.4251","0","Thick Film Resistor -  10Mohm, 1%, 0603","10M"
"R51","Res_1","TopLayer","RESC0603","58.4258","16.6371","270","Thick Film Resistor -  43ohm, 1%, 0603","43E"
"R50","Res_1","TopLayer","RESC0603","59.8228","16.6371","270","Thick Film Resistor -  43ohm, 1%, 0603","43E"
"R49","Res_1","TopLayer","RESC0603","61.2198","16.6371","270","Thick Film Resistor -  43ohm, 1%, 0603","43E"
"R48","Res_1","TopLayer","RESC0603","61.1739","0.4156","270","Thick Film Resistor -  10Mohm, 1%, 0603","10M"
"R47","Res_1","TopLayer","RESC0603","62.6168","16.6371","270","Thick Film Resistor -  43ohm, 1%, 0603","43E"
"R46","Res_1","TopLayer","RESC0603","62.6321","0.4156","270","Thick Film Resistor -  10Kohm, 1%, 0603","10K"
"R45","Res_1","TopLayer","RESC0603","64.0903","0.4156","270","Thick Film Resistor -  10Kohm, 1%, 0603","10K"
"R44","Res_1","TopLayer","RESC0603","64.0138","16.6371","270","Thick Film Resistor -  43ohm, 1%, 0603","43E"
"R42","Res_1","TopLayer","RESC0603","65.4108","16.6371","270","Thick Film Resistor -  43ohm, 1%, 0603","43E"
"R41","Res_1","TopLayer","RESC0603","67.0199","9.7790","180","Thick Film Resistor -  1Kohm, 1%, 0603","1K"
"R40","Res_1","TopLayer","RESC0603","46.4460","0.4156","90","Thick Film Resistor -  470Kohm, 1%, 0603","470K"
"R39","Res_1","TopLayer","RESC0603","42.5133","7.0701","0","Thick Film Resistor -  10Kohm, 1%, 0603","10K"
"R38","Res_1","TopLayer","RESC0603","42.5133","5.7150","0","Thick Film Resistor -  10Kohm, 1%, 0603","10K"
"R37","Res_1","TopLayer","RESC0603","45.0347","0.4156","90","Thick Film Resistor -  470Kohm, 1%, 0603","470K"
"R36","Res_1","TopLayer","RESC0603","42.5133","4.3599","0","Thick Film Resistor -  10Mohm, 1%, 0603","10M"
"R35","Res_1","TopLayer","RESC0603","47.2188","16.6370","270","Thick Film Resistor -  43ohm, 1%, 0603","43E"
"R34","Res_1","TopLayer","RESC0603","48.6158","16.6370","270","Thick Film Resistor -  43ohm, 1%, 0603","43E"
"R33","Res_1","TopLayer","RESC0603","42.5133","8.4251","0","Thick Film Resistor -  10Mohm, 1%, 0603","10M"
"R32","Res_1","TopLayer","RESC0603","50.0128","16.6370","270","Thick Film Resistor -  43ohm, 1%, 0603","43E"
"R31","Res_1","TopLayer","RESC0603","47.8571","0.4155","270","Thick Film Resistor -  10Mohm, 1%, 0603","10M"
"R30","Res_1","TopLayer","RESC0603","51.4098","16.6370","270","Thick Film Resistor -  43ohm, 1%, 0603","43E"
"R29","Res_1","TopLayer","RESC0603","49.2684","0.4155","270","Thick Film Resistor -  10Kohm, 1%, 0603","10K"
"R28","Res_1","TopLayer","RESC0603","50.6802","0.4156","270","Thick Film Resistor -  10Kohm, 1%, 0603","10K"
"R27","Res_1","TopLayer","RESC0603","52.8068","16.6370","270","Thick Film Resistor -  43ohm, 1%, 0603","43E"
"R25","Res_1","TopLayer","RESC0603","54.2038","16.6370","270","Thick Film Resistor -  43ohm, 1%, 0603","43E"
"R24","Res_1","TopLayer","RESC0603","54.6699","9.7790","180","Thick Film Resistor -  1Kohm, 1%, 0603","1K"
"R19","Res_1","TopLayer","RESC0603","31.3096","0.4156","90","Thick Film Resistor -  470Kohm, 1%, 0603","470K"
"R18","Res_1","TopLayer","RESC1206","30.3530","17.3990","270","Thick Film Resistor -  4mohm, 1%, 1206","4m"
"R17","Res_1","TopLayer","RESC0603","29.8515","0.4156","90","Thick Film Resistor -  470ohm, 1%, 0603","470K"
"R16","Res_1","TopLayer","RESC0603","10.7948","0.6350","90","Thick Film Resistor -  3.3Mohm, 1%, 0603","3.3M"
"R15","Res_1","TopLayer","RESC0603","30.6071","8.4248","180","Thick Film Resistor -  10Mohm, 1%, 0603","10M"
"R14","Res_1","TopLayer","RESC0603","15.8748","0.6350","90","Thick Film Resistor -  5.1Kohm, 1%, 0603","5.1K"
"R13","Res_1","TopLayer","RESC0603","30.6070","9.7793","0","Thick Film Resistor -  5.1Kohm, 1%, 0603","5.1K"
"R12","Res_1","TopLayer","RESC0603","32.7678","0.4156","90","Thick Film Resistor -  10Kohm, 1%, 0603","10K"
"R11","Res_1","TopLayer","RESC0603","35.2902","16.6370","270","Thick Film Resistor -  43ohm, 1%, 0603","43E"
"R10","Res_1","TopLayer","RESC0603","36.6872","16.6370","270","Thick Film Resistor -  43ohm, 1%, 0603","43E"
"R9","Res_1","TopLayer","RESC0603","38.0842","16.6370","270","Thick Film Resistor -  43ohm, 1%, 0603","43E"
"R8","Res_1","TopLayer","RESC0603","34.2257","0.4155","270","Thick Film Resistor -  10Mohm, 1%, 0603","10M"
"R7","Res_1","TopLayer","RESC0603","39.4812","16.6370","270","Thick Film Resistor -  43ohm, 1%, 0603","43E"
"R6","Res_1","TopLayer","RESC0603","35.6839","0.4155","270","Thick Film Resistor -  10Kohm, 1%, 0603","10K"
"R5","Res_1","TopLayer","RESC0603","37.1043","0.4156","270","Thick Film Resistor -  10Kohm, 1%, 0603","10K"
"R4","Res_1","TopLayer","RESC0603","40.8782","16.6370","270","Thick Film Resistor -  43ohm, 1%, 0603","43E"
"R3","Res_1","TopLayer","RESC0603","42.2752","16.6370","270","Thick Film Resistor -  43ohm, 1%, 0603","43E"
"R1","Res_1","TopLayer","RESC0603","42.5133","9.7790","180","Thick Film Resistor -  1Kohm, 1%, 0603","1K"
"Q4","IRFR3710ZTR-VB","TopLayer","TO-252","23.3500","13.5691","90","100V 60A 18.5mO@10V,60A N Channel TO-252 MOSFETs ROHS",""
"Q3","IRFR3710ZTR-VB","TopLayer","TO-252","9.7160","6.5200","270","100V 60A 18.5mO@10V,60A N Channel TO-252 MOSFETs ROHS",""
"Q2","IRFR3710ZTR-VB","TopLayer","TO-252","23.3500","6.5200","90","100V 60A 18.5mO@10V,60A N Channel TO-252 MOSFETs ROHS",""
"Q1","IRFR3710ZTR-VB","TopLayer","TO-252","9.7160","13.5691","270","100V 60A 18.5mO@10V,60A N Channel TO-252 MOSFETs ROHS",""
"J5","Header 2 pin","TopLayer","JST_2.0MM_2_ver_XH","94.9500","12.5000","90","",""
"J4","Header 12X1","TopLayer","JST_2.0MM_12_VER_XH","79.3000","20.3500","180","JST_HX_2.0MM Header 12-Pin",""
"J3","Header 13X1","TopLayer","JST_2.0MM_13_VER_XH","49.8600","20.3500","180","JST_HX_2.0MM Header 13-Pin",""
"J2","XT30PW-M","TopLayer","XT30PW-M-2","9.7100","20.7900","0","Socket; DC supply; XT30; male; PIN: 2; on PCBs; THT; Colour: yellow",""
"J1","XT30PW-M","TopLayer","XT30PW-M-2_-PAD","1.2000","12.5000","90","Socket; DC supply; XT30; male; PIN: 2; on PCBs; THT; Colour: yellow",""
"D6","1N4148WS","TopLayer","SOD-323","82.5930","0.5166","90","100V 550mW Single 1.25V@150mA 4ns 250mA SOD-323F Switching Diode ROHS",""
"D5","1N4148WS","TopLayer","SOD-323","70.3580","0.5166","90","100V 550mW Single 1.25V@150mA 4ns 250mA SOD-323F Switching Diode ROHS",""
"D4","1N4148WS","TopLayer","SOD-323","56.6350","0.5166","90","100V 550mW Single 1.25V@150mA 4ns 250mA SOD-323F Switching Diode ROHS",""
"D3","1N4148WS","TopLayer","SOD-323","43.3070","0.5166","90","100V 550mW Single 1.25V@150mA 4ns 250mA SOD-323F Switching Diode ROHS",""
"D1","1N4148WS","TopLayer","SOD-323","28.2220","0.5166","90","100V 550mW Single 1.25V@150mA 4ns 250mA SOD-323F Switching Diode ROHS",""
"C39","Cap","TopLayer","CAPC0603","82.6744","13.2349","90","CAP CER 1uF 25V X7R 0603","1uF"
"C38","Cap","TopLayer","CAPC0603","83.9075","13.2349","90","CAP CER 1uF 25V X7R 0603","1uF"
"C37","Cap","TopLayer","CAPC0603","85.1405","13.2349","90","CAP CER 1uF 25V X7R 0603","1uF"
"C36","Cap","TopLayer","CAPC0603","86.3736","13.2349","90","CAP CER 1uF 25V X7R 0603","1uF"
"C35","Cap","TopLayer","CAPC0603","87.6067","13.2349","90","CAP CER 1uF 25V X7R 0603","1uF"
"C34","Cap","TopLayer","CAPC0603","89.3478","13.2349","90","CAP CER 1uF 25V X7R 0603","1uF"
"C33","Cap","TopLayer","CAPC0603","90.5808","13.2349","270","CAP CER 1uF 25V X7R 0603","1uF"
"C32","Cap","TopLayer","CAPC0603","69.6800","13.2349","90","CAP CER 1uF 25V X7R 0603","1uF"
"C31","Cap","TopLayer","CAPC0603","70.9131","13.2349","90","CAP CER 1uF 25V X7R 0603","1uF"
"C30","Cap","TopLayer","CAPC0603","72.1462","13.2349","90","CAP CER 1uF 25V X7R 0603","1uF"
"C29","Cap","TopLayer","CAPC0603","73.3792","13.2349","90","CAP CER 1uF 25V X7R 0603","1uF"
"C28","Cap","TopLayer","CAPC0603","74.6123","13.2349","90","CAP CER 1uF 25V X7R 0603","1uF"
"C27","Cap","TopLayer","CAPC0603","75.8454","13.2349","90","CAP CER 1uF 25V X7R 0603","1uF"
"C26","Cap","TopLayer","CAPC0603","77.4087","13.2349","90","CAP CER 1uF 25V X7R 0603","1uF"
"C25","Cap","TopLayer","CAPC0603","78.6417","13.2349","270","CAP CER 1uF 25V X7R 0603","1uF"
"C24","Cap","TopLayer","CAPC0603","57.5430","13.2349","90","CAP CER 1uF 25V X7R 0603","1uF"
"C23","Cap","TopLayer","CAPC0603","58.7761","13.2349","90","CAP CER 1uF 25V X7R 0603","1uF"
"C22","Cap","TopLayer","CAPC0603","60.0091","13.2349","90","CAP CER 1uF 25V X7R 0603","1uF"
"C21","Cap","TopLayer","CAPC0603","61.2422","13.2349","90","CAP CER 1uF 25V X7R 0603","1uF"
"C20","Cap","TopLayer","CAPC0603","62.4753","13.2349","90","CAP CER 1uF 25V X7R 0603","1uF"
"C19","Cap","TopLayer","CAPC0603","63.7084","13.2349","90","CAP CER 1uF 25V X7R 0603","1uF"
"C18","Cap","TopLayer","CAPC0603","65.4241","13.2349","90","CAP CER 1uF 25V X7R 0603","1uF"
"C17","Cap","TopLayer","CAPC0603","66.6571","13.2349","270","CAP CER 1uF 25V X7R 0603","1uF"
"C16","Cap","TopLayer","CAPC0603","46.2529","13.2349","90","CAP CER 1uF 25V X7R 0603","1uF"
"C15","Cap","TopLayer","CAPC0603","47.4859","13.2349","90","CAP CER 1uF 25V X7R 0603","1uF"
"C14","Cap","TopLayer","CAPC0603","48.7190","13.2349","90","CAP CER 1uF 25V X7R 0603","1uF"
"C13","Cap","TopLayer","CAPC0603","49.9521","13.2349","90","CAP CER 1uF 25V X7R 0603","1uF"
"C12","Cap","TopLayer","CAPC0603","51.1852","13.2349","90","CAP CER 1uF 25V X7R 0603","1uF"
"C11","Cap","TopLayer","CAPC0603","52.4183","13.2349","90","CAP CER 1uF 25V X7R 0603","1uF"
"C10","Cap","TopLayer","CAPC0603","53.9559","13.2355","90","CAP CER 1uF 25V X7R 0603","1uF"
"C9","Cap","TopLayer","CAPC0603","55.1892","13.2349","270","CAP CER 1uF 25V X7R 0603","1uF"
"C8","Cap","TopLayer","CAPC0603","34.2740","13.2349","90","CAP CER 1uF 25V X7R 0603","1uF"
"C7","Cap","TopLayer","CAPC0603","35.5024","13.2349","90","CAP CER 1uF 25V X7R 0603","1uF"
"C6","Cap","TopLayer","CAPC0603","36.7307","13.2349","90","CAP CER 1uF 25V X7R 0603","1uF"
"C5","Cap","TopLayer","CAPC0603","37.9591","13.2349","90","CAP CER 1uF 25V X7R 0603","1uF"
"C4","Cap","TopLayer","CAPC0603","39.1874","13.2349","90","CAP CER 1uF 25V X7R 0603","1uF"
"C3","Cap","TopLayer","CAPC0603","40.4158","13.2349","90","CAP CER 1uF 25V X7R 0603","1uF"
"C2","Cap","TopLayer","CAPC0603","41.9741","13.2355","90","CAP CER 1uF 25V X7R 0603","1uF"
"C1","Cap","TopLayer","CAPC0603","43.2027","13.2349","270","CAP CER 1uF 25V X7R 0603","1uF"
